[
  {
    "model": "pet_adoption_and_care.owner",
    "pk": 1,
    "fields": {
      "user_name": "lunala",
      "pw": "123",
      "owner_name": "geethesh",
      "email_id": "geetheshchandrak@gmail.com",
      "phone_no": "9390958489",
      "city": "Varanasi",
      "address": "SATISH DHAWAN HOSTEL, IIT BHU VARANASI"
    }
  },
  {
    "model": "pet_adoption_and_care.owner",
    "pk": 3,
    "fields": {
      "user_name": "lunala1",
      "pw": "12",
      "owner_name": "ramu",
      "email_id": "huss@gmail.com",
      "phone_no": "7878787876",
      "city": "Varanasi",
      "address": "SATISH DHAWAN HOSTEL, IIT BHU VARANASI"
    }
  },
  {
    "model": "pet_adoption_and_care.owner",
    "pk": 4,
    "fields": {
      "user_name": "lunala2",
      "pw": "12",
      "owner_name": "geethesh",
      "email_id": "asdjj@gmail.com",
      "phone_no": "7538292321",
      "city": "Varanasi",
      "address": "SATISH DHAWAN HOSTEL, IIT BHU VARANASI"
    }
  },
  {
    "model": "pet_adoption_and_care.owner",
    "pk": 5,
    "fields": {
      "user_name": "Rajani Kumari Pathapati",
      "pw": "123456",
      "owner_name": "Rajani",
      "email_id": "rajanisri9@gmail.com",
      "phone_no": "9030008897",
      "city": "hyderabad",
      "address": "kakatiya nagar , kukatpally,hyderabad"
    }
  },
  {
    "model": "pet_adoption_and_care.owner",
    "pk": 6,
    "fields": {
      "user_name": "Rushith",
      "pw": "123",
      "owner_name": "Rushith",
      "email_id": "rushith@gmail.com",
      "phone_no": "9208392811",
      "city": "sxjcdcads",
      "address": "sacd"
    }
  },
  {
    "model": "pet_adoption_and_care.owner",
    "pk": 7,
    "fields": {
      "user_name": "girish",
      "pw": "123",
      "owner_name": "asd",
      "email_id": "girishchandrakovuru@gmail.com",
      "phone_no": "9390958487",
      "city": "Varanasi",
      "address": "alsodjcsk"
    }
  },
  {
    "model": "pet_adoption_and_care.ownedpet",
    "pk": 9,
    "fields": {
      "pet_name": "chinchong",
      "species": "Dog",
      "breed": "Golden Retriever",
      "owner": 3,
      "adoption_source": "Shop",
      "adoption_date": "2024-11-04"
    }
  },
  {
    "model": "pet_adoption_and_care.ownedpet",
    "pk": 10,
    "fields": {
      "pet_name": "hashk",
      "species": "cat",
      "breed": "jsns",
      "owner": 3,
      "adoption_source": "Shop",
      "adoption_date": "2024-11-04"
    }
  },
  {
    "model": "pet_adoption_and_care.ownedpet",
    "pk": 11,
    "fields": {
      "pet_name": "askdl",
      "species": "hamster",
      "breed": "ladfdv",
      "owner": 3,
      "adoption_source": "Shop",
      "adoption_date": "2024-11-04"
    }
  },
  {
    "model": "pet_adoption_and_care.ownedpet",
    "pk": 12,
    "fields": {
      "pet_name": "vedant",
      "species": "alien",
      "breed": "unidentified",
      "owner": 3,
      "adoption_source": "Shop",
      "adoption_date": "2024-11-04"
    }
  },
  {
    "model": "pet_adoption_and_care.ownedpet",
    "pk": 13,
    "fields": {
      "pet_name": "saldkcnj",
      "species": "Dog",
      "breed": "unidentified",
      "owner": 3,
      "adoption_source": "Shop",
      "adoption_date": "2024-11-07"
    }
  },
  {
    "model": "pet_adoption_and_care.ownedpet",
    "pk": 14,
    "fields": {
      "pet_name": "Pandu",
      "species": "Turtle",
      "breed": "unidentified",
      "owner": 5,
      "adoption_source": "Shop",
      "adoption_date": "2024-11-28"
    }
  },
  {
    "model": "pet_adoption_and_care.ownedpet",
    "pk": 15,
    "fields": {
      "pet_name": "hashk",
      "species": "hamster",
      "breed": "jsahjs",
      "owner": 6,
      "adoption_source": "Shop",
      "adoption_date": "2024-12-02"
    }
  },
  {
    "model": "pet_adoption_and_care.ownedpet",
    "pk": 16,
    "fields": {
      "pet_name": "hari",
      "species": "Rabbit",
      "breed": "dsjdfk",
      "owner": 7,
      "adoption_source": "Shop",
      "adoption_date": "2024-12-06"
    }
  },
  {
    "model": "pet_adoption_and_care.healthstatus",
    "pk": 5,
    "fields": {
      "pet": 9,
      "age": 3,
      "weight": 20,
      "allergies": "None",
      "medications": "None",
      "last_checkup_date": "2024-11-04",
      "next_checkup_date": "2024-11-20"
    }
  },
  {
    "model": "pet_adoption_and_care.healthstatus",
    "pk": 6,
    "fields": {
      "pet": 10,
      "age": 2,
      "weight": 7,
      "allergies": "none",
      "medications": "none",
      "last_checkup_date": "2024-11-04",
      "next_checkup_date": "2025-05-03"
    }
  },
  {
    "model": "pet_adoption_and_care.healthstatus",
    "pk": 7,
    "fields": {
      "pet": 11,
      "age": 5,
      "weight": 10,
      "allergies": "none",
      "medications": "none",
      "last_checkup_date": "2024-11-04",
      "next_checkup_date": "2025-05-03"
    }
  },
  {
    "model": "pet_adoption_and_care.healthstatus",
    "pk": 8,
    "fields": {
      "pet": 12,
      "age": 1000,
      "weight": 2,
      "allergies": "none",
      "medications": "none",
      "last_checkup_date": "2024-11-04",
      "next_checkup_date": "2025-05-03"
    }
  },
  {
    "model": "pet_adoption_and_care.healthstatus",
    "pk": 9,
    "fields": {
      "pet": 13,
      "age": 1000,
      "weight": 2,
      "allergies": "none",
      "medications": "none",
      "last_checkup_date": "2024-11-07",
      "next_checkup_date": "2025-05-06"
    }
  },
  {
    "model": "pet_adoption_and_care.healthstatus",
    "pk": 10,
    "fields": {
      "pet": 14,
      "age": 5,
      "weight": 10,
      "allergies": "none",
      "medications": "none",
      "last_checkup_date": "2024-11-28",
      "next_checkup_date": "2024-12-06"
    }
  },
  {
    "model": "pet_adoption_and_care.healthstatus",
    "pk": 11,
    "fields": {
      "pet": 15,
      "age": 5,
      "weight": 2,
      "allergies": "none",
      "medications": "none",
      "last_checkup_date": "2024-12-02",
      "next_checkup_date": "2025-02-14"
    }
  },
  {
    "model": "pet_adoption_and_care.healthstatus",
    "pk": 12,
    "fields": {
      "pet": 16,
      "age": 5,
      "weight": 6,
      "allergies": "none",
      "medications": "none",
      "last_checkup_date": "2024-12-06",
      "next_checkup_date": "2026-06-10"
    }
  },
  {
    "model": "pet_adoption_and_care.manager",
    "pk": "101",
    "fields": {
      "contact_no": "9452493571",
      "man_pw": "123",
      "last_login": "2024-11-02T13:18:15.199Z"
    }
  },
  {
    "model": "pet_adoption_and_care.manager",
    "pk": "102",
    "fields": {
      "contact_no": "9123456789",
      "man_pw": "123",
      "last_login": null
    }
  },
  {
    "model": "pet_adoption_and_care.manager",
    "pk": "103",
    "fields": {
      "contact_no": "9234567890",
      "man_pw": "234",
      "last_login": null
    }
  },
  {
    "model": "pet_adoption_and_care.manager",
    "pk": "104",
    "fields": {
      "contact_no": "9345678901",
      "man_pw": "345",
      "last_login": null
    }
  },
  {
    "model": "pet_adoption_and_care.manager",
    "pk": "105",
    "fields": {
      "contact_no": "9456789012",
      "man_pw": "456",
      "last_login": null
    }
  },
  {
    "model": "pet_adoption_and_care.employee",
    "pk": 1,
    "fields": {
      "emp_name": "Priya Patel",
      "manager_id": "101",
      "salary": 25000,
      "contact_no": "9876543210",
      "job_role": "Receptionist"
    }
  },
  {
    "model": "pet_adoption_and_care.employee",
    "pk": 2,
    "fields": {
      "emp_name": "Rajesh Sharma",
      "manager_id": "101",
      "salary": 30000,
      "contact_no": "9123456780",
      "job_role": "Pet Advisor"
    }
  },
  {
    "model": "pet_adoption_and_care.employee",
    "pk": 3,
    "fields": {
      "emp_name": "Nisha Verma",
      "manager_id": "101",
      "salary": 29500,
      "contact_no": "9123456784",
      "job_role": "Pet Advisor"
    }
  },
  {
    "model": "pet_adoption_and_care.employee",
    "pk": 4,
    "fields": {
      "emp_name": "Anjali Mehta",
      "manager_id": "101",
      "salary": 28000,
      "contact_no": "9123456781",
      "job_role": "Vet Assistant"
    }
  },
  {
    "model": "pet_adoption_and_care.employee",
    "pk": 5,
    "fields": {
      "emp_name": "Sanjay Desai",
      "manager_id": "101",
      "salary": 50000,
      "contact_no": "9123456784",
      "job_role": "Veterinarian"
    }
  },
  {
    "model": "pet_adoption_and_care.employee",
    "pk": 6,
    "fields": {
      "emp_name": "Amit Khanna",
      "manager_id": "101",
      "salary": 27000,
      "contact_no": "9123456782",
      "job_role": "Store Assistant"
    }
  },
  {
    "model": "pet_adoption_and_care.employee",
    "pk": 7,
    "fields": {
      "emp_name": "Vikram Singh",
      "manager_id": "101",
      "salary": 26500,
      "contact_no": "9123456785",
      "job_role": "Store Assistant"
    }
  },
  {
    "model": "pet_adoption_and_care.employee",
    "pk": 8,
    "fields": {
      "emp_name": "Ravi Kumar",
      "manager_id": "102",
      "salary": 25000,
      "contact_no": "9112345678",
      "job_role": "Receptionist"
    }
  },
  {
    "model": "pet_adoption_and_care.employee",
    "pk": 9,
    "fields": {
      "emp_name": "Meera Sharma",
      "manager_id": "102",
      "salary": 30000,
      "contact_no": "9123456780",
      "job_role": "Pet Advisor"
    }
  },
  {
    "model": "pet_adoption_and_care.employee",
    "pk": 10,
    "fields": {
      "emp_name": "Kajal Verma",
      "manager_id": "102",
      "salary": 29500,
      "contact_no": "9123456781",
      "job_role": "Pet Advisor"
    }
  },
  {
    "model": "pet_adoption_and_care.employee",
    "pk": 11,
    "fields": {
      "emp_name": "Sita Mehta",
      "manager_id": "102",
      "salary": 28000,
      "contact_no": "9123456782",
      "job_role": "Vet Assistant"
    }
  },
  {
    "model": "pet_adoption_and_care.employee",
    "pk": 12,
    "fields": {
      "emp_name": "Vikram Desai",
      "manager_id": "102",
      "salary": 50000,
      "contact_no": "9123456783",
      "job_role": "Veterinarian"
    }
  },
  {
    "model": "pet_adoption_and_care.employee",
    "pk": 13,
    "fields": {
      "emp_name": "Aditi Khanna",
      "manager_id": "102",
      "salary": 27000,
      "contact_no": "9123456784",
      "job_role": "Store Assistant"
    }
  },
  {
    "model": "pet_adoption_and_care.employee",
    "pk": 14,
    "fields": {
      "emp_name": "Anil Singh",
      "manager_id": "102",
      "salary": 26500,
      "contact_no": "9123456785",
      "job_role": "Store Assistant"
    }
  },
  {
    "model": "pet_adoption_and_care.employee",
    "pk": 15,
    "fields": {
      "emp_name": "Suresh Reddy",
      "manager_id": "103",
      "salary": 25000,
      "contact_no": "9223456789",
      "job_role": "Receptionist"
    }
  },
  {
    "model": "pet_adoption_and_care.employee",
    "pk": 16,
    "fields": {
      "emp_name": "Nandini Rao",
      "manager_id": "103",
      "salary": 30000,
      "contact_no": "9223456790",
      "job_role": "Pet Advisor"
    }
  },
  {
    "model": "pet_adoption_and_care.employee",
    "pk": 17,
    "fields": {
      "emp_name": "Asha Naidu",
      "manager_id": "103",
      "salary": 29500,
      "contact_no": "9223456791",
      "job_role": "Pet Advisor"
    }
  },
  {
    "model": "pet_adoption_and_care.employee",
    "pk": 18,
    "fields": {
      "emp_name": "Vani Reddy",
      "manager_id": "103",
      "salary": 28000,
      "contact_no": "9223456792",
      "job_role": "Vet Assistant"
    }
  },
  {
    "model": "pet_adoption_and_care.employee",
    "pk": 19,
    "fields": {
      "emp_name": "Arjun Rao",
      "manager_id": "103",
      "salary": 50000,
      "contact_no": "9223456793",
      "job_role": "Veterinarian"
    }
  },
  {
    "model": "pet_adoption_and_care.employee",
    "pk": 20,
    "fields": {
      "emp_name": "Pooja Iyer",
      "manager_id": "103",
      "salary": 27000,
      "contact_no": "9223456794",
      "job_role": "Store Assistant"
    }
  },
  {
    "model": "pet_adoption_and_care.employee",
    "pk": 21,
    "fields": {
      "emp_name": "Ravi Reddy",
      "manager_id": "103",
      "salary": 26500,
      "contact_no": "9223456795",
      "job_role": "Store Assistant"
    }
  },
  {
    "model": "pet_adoption_and_care.employee",
    "pk": 22,
    "fields": {
      "emp_name": "Deepa Nair",
      "manager_id": "104",
      "salary": 25000,
      "contact_no": "9334567890",
      "job_role": "Receptionist"
    }
  },
  {
    "model": "pet_adoption_and_care.employee",
    "pk": 23,
    "fields": {
      "emp_name": "Karthik Menon",
      "manager_id": "104",
      "salary": 30000,
      "contact_no": "9334567891",
      "job_role": "Pet Advisor"
    }
  },
  {
    "model": "pet_adoption_and_care.employee",
    "pk": 24,
    "fields": {
      "emp_name": "Sneha Raghavan",
      "manager_id": "104",
      "salary": 29500,
      "contact_no": "9334567892",
      "job_role": "Pet Advisor"
    }
  },
  {
    "model": "pet_adoption_and_care.employee",
    "pk": 25,
    "fields": {
      "emp_name": "Rohit Bhat",
      "manager_id": "104",
      "salary": 28000,
      "contact_no": "9334567893",
      "job_role": "Vet Assistant"
    }
  },
  {
    "model": "pet_adoption_and_care.employee",
    "pk": 26,
    "fields": {
      "emp_name": "Priyanka Shetty",
      "manager_id": "104",
      "salary": 50000,
      "contact_no": "9334567894",
      "job_role": "Veterinarian"
    }
  },
  {
    "model": "pet_adoption_and_care.employee",
    "pk": 27,
    "fields": {
      "emp_name": "Kiran Rao",
      "manager_id": "104",
      "salary": 27000,
      "contact_no": "9334567895",
      "job_role": "Store Assistant"
    }
  },
  {
    "model": "pet_adoption_and_care.employee",
    "pk": 28,
    "fields": {
      "emp_name": "Nisha Patil",
      "manager_id": "104",
      "salary": 26500,
      "contact_no": "9334567896",
      "job_role": "Store Assistant"
    }
  },
  {
    "model": "pet_adoption_and_care.employee",
    "pk": 29,
    "fields": {
      "emp_name": "Anjali Kapoor",
      "manager_id": "105",
      "salary": 25000,
      "contact_no": "9445678901",
      "job_role": "Receptionist"
    }
  },
  {
    "model": "pet_adoption_and_care.employee",
    "pk": 30,
    "fields": {
      "emp_name": "Rajiv Sethi",
      "manager_id": "105",
      "salary": 30000,
      "contact_no": "9445678902",
      "job_role": "Pet Advisor"
    }
  },
  {
    "model": "pet_adoption_and_care.employee",
    "pk": 31,
    "fields": {
      "emp_name": "Priti Sharma",
      "manager_id": "105",
      "salary": 29500,
      "contact_no": "9445678903",
      "job_role": "Pet Advisor"
    }
  },
  {
    "model": "pet_adoption_and_care.employee",
    "pk": 32,
    "fields": {
      "emp_name": "Ajay Choudhary",
      "manager_id": "105",
      "salary": 28000,
      "contact_no": "9445678904",
      "job_role": "Vet Assistant"
    }
  },
  {
    "model": "pet_adoption_and_care.employee",
    "pk": 33,
    "fields": {
      "emp_name": "Vishal Bansal",
      "manager_id": "105",
      "salary": 50000,
      "contact_no": "9445678905",
      "job_role": "Veterinarian"
    }
  },
  {
    "model": "pet_adoption_and_care.employee",
    "pk": 34,
    "fields": {
      "emp_name": "Gita Mehta",
      "manager_id": "105",
      "salary": 27000,
      "contact_no": "9445678906",
      "job_role": "Store Assistant"
    }
  },
  {
    "model": "pet_adoption_and_care.employee",
    "pk": 35,
    "fields": {
      "emp_name": "Manish Verma",
      "manager_id": "105",
      "salary": 26500,
      "contact_no": "9445678907",
      "job_role": "Store Assistant"
    }
  },
  {
    "model": "pet_adoption_and_care.branch",
    "pk": 1,
    "fields": {
      "manager": "101",
      "city": "Mumbai",
      "contact_no": "9876543210",
      "address": "123 Marine Drive, Mumbai"
    }
  },
  {
    "model": "pet_adoption_and_care.branch",
    "pk": 2,
    "fields": {
      "manager": "102",
      "city": "Varanasi",
      "contact_no": "9112345678",
      "address": "123 Varanasi Road"
    }
  },
  {
    "model": "pet_adoption_and_care.branch",
    "pk": 3,
    "fields": {
      "manager": "103",
      "city": "Hyderabad",
      "contact_no": "9223456789",
      "address": "456 Hyderabad Street"
    }
  },
  {
    "model": "pet_adoption_and_care.branch",
    "pk": 4,
    "fields": {
      "manager": "104",
      "city": "Bangalore",
      "contact_no": "9334567890",
      "address": "123 Bangalore Road"
    }
  },
  {
    "model": "pet_adoption_and_care.branch",
    "pk": 5,
    "fields": {
      "manager": "105",
      "city": "Delhi",
      "contact_no": "9445678901",
      "address": "321 Delhi Avenue"
    }
  },
  {
    "model": "pet_adoption_and_care.availablepet",
    "pk": 2,
    "fields": {
      "species": "Dog",
      "breed": "Golden Retriever",
      "price": 20000,
      "branch": 1,
      "status": "Adopted"
    }
  },
  {
    "model": "pet_adoption_and_care.availablepet",
    "pk": 3,
    "fields": {
      "species": "Dog",
      "breed": "Beagle",
      "price": 12000,
      "branch": 1,
      "status": "Adopted"
    }
  },
  {
    "model": "pet_adoption_and_care.availablepet",
    "pk": 4,
    "fields": {
      "species": "Cat",
      "breed": "Persian",
      "price": 12000,
      "branch": 1,
      "status": "Adopted"
    }
  },
  {
    "model": "pet_adoption_and_care.availablepet",
    "pk": 5,
    "fields": {
      "species": "Cat",
      "breed": "Siamese",
      "price": 10000,
      "branch": 1,
      "status": "Available"
    }
  },
  {
    "model": "pet_adoption_and_care.availablepet",
    "pk": 6,
    "fields": {
      "species": "Cat",
      "breed": "Maine Coon",
      "price": 15000,
      "branch": 1,
      "status": "Available"
    }
  },
  {
    "model": "pet_adoption_and_care.availablepet",
    "pk": 7,
    "fields": {
      "species": "Rabbit",
      "breed": "Holland Lop",
      "price": 8000,
      "branch": 1,
      "status": "Available"
    }
  },
  {
    "model": "pet_adoption_and_care.availablepet",
    "pk": 8,
    "fields": {
      "species": "Rabbit",
      "breed": "Netherland Dwarf",
      "price": 6000,
      "branch": 1,
      "status": "Available"
    }
  },
  {
    "model": "pet_adoption_and_care.availablepet",
    "pk": 9,
    "fields": {
      "species": "Bird",
      "breed": "Parakeet",
      "price": 3000,
      "branch": 1,
      "status": "Available"
    }
  },
  {
    "model": "pet_adoption_and_care.availablepet",
    "pk": 10,
    "fields": {
      "species": "Bird",
      "breed": "Cockatiel",
      "price": 5000,
      "branch": 1,
      "status": "Available"
    }
  },
  {
    "model": "pet_adoption_and_care.availablepet",
    "pk": 11,
    "fields": {
      "species": "Fish",
      "breed": "Betta",
      "price": 1500,
      "branch": 1,
      "status": "Adopted"
    }
  },
  {
    "model": "pet_adoption_and_care.availablepet",
    "pk": 12,
    "fields": {
      "species": "Fish",
      "breed": "Goldfish",
      "price": 800,
      "branch": 1,
      "status": "Available"
    }
  },
  {
    "model": "pet_adoption_and_care.availablepet",
    "pk": 13,
    "fields": {
      "species": "Hamster",
      "breed": "Syrian",
      "price": 2000,
      "branch": 1,
      "status": "Adopted"
    }
  },
  {
    "model": "pet_adoption_and_care.availablepet",
    "pk": 14,
    "fields": {
      "species": "Hamster",
      "breed": "Dwarf",
      "price": 1500,
      "branch": 1,
      "status": "Available"
    }
  },
  {
    "model": "pet_adoption_and_care.availablepet",
    "pk": 15,
    "fields": {
      "species": "Turtle",
      "breed": "Red-Eared Slider",
      "price": 4000,
      "branch": 1,
      "status": "Available"
    }
  },
  {
    "model": "pet_adoption_and_care.availablepet",
    "pk": 17,
    "fields": {
      "species": "Snake",
      "breed": "Corn Snake",
      "price": 3000,
      "branch": 1,
      "status": "Available"
    }
  },
  {
    "model": "pet_adoption_and_care.availablepet",
    "pk": 18,
    "fields": {
      "species": "Dog",
      "breed": "Dachshund",
      "price": 14000,
      "branch": 1,
      "status": "Available"
    }
  },
  {
    "model": "pet_adoption_and_care.availablepet",
    "pk": 19,
    "fields": {
      "species": "Cat",
      "breed": "Ragdoll",
      "price": 18000,
      "branch": 1,
      "status": "Available"
    }
  },
  {
    "model": "pet_adoption_and_care.availablepet",
    "pk": 661,
    "fields": {
      "species": "Dog",
      "breed": "Labrador",
      "price": 15000,
      "branch": 2,
      "status": "Available"
    }
  },
  {
    "model": "pet_adoption_and_care.availablepet",
    "pk": 662,
    "fields": {
      "species": "Dog",
      "breed": "Golden Retriever",
      "price": 20000,
      "branch": 2,
      "status": "Available"
    }
  },
  {
    "model": "pet_adoption_and_care.availablepet",
    "pk": 663,
    "fields": {
      "species": "Dog",
      "breed": "Pug",
      "price": 13000,
      "branch": 2,
      "status": "Available"
    }
  },
  {
    "model": "pet_adoption_and_care.availablepet",
    "pk": 664,
    "fields": {
      "species": "Dog",
      "breed": "Beagle",
      "price": 12000,
      "branch": 2,
      "status": "Available"
    }
  },
  {
    "model": "pet_adoption_and_care.availablepet",
    "pk": 665,
    "fields": {
      "species": "Cat",
      "breed": "Persian",
      "price": 12000,
      "branch": 2,
      "status": "Available"
    }
  },
  {
    "model": "pet_adoption_and_care.availablepet",
    "pk": 666,
    "fields": {
      "species": "Cat",
      "breed": "Siamese",
      "price": 10000,
      "branch": 2,
      "status": "Available"
    }
  },
  {
    "model": "pet_adoption_and_care.availablepet",
    "pk": 667,
    "fields": {
      "species": "Cat",
      "breed": "Maine Coon",
      "price": 15000,
      "branch": 2,
      "status": "Available"
    }
  },
  {
    "model": "pet_adoption_and_care.availablepet",
    "pk": 668,
    "fields": {
      "species": "Cat",
      "breed": "British Shorthair",
      "price": 13000,
      "branch": 2,
      "status": "Available"
    }
  },
  {
    "model": "pet_adoption_and_care.availablepet",
    "pk": 669,
    "fields": {
      "species": "Rabbit",
      "breed": "Holland Lop",
      "price": 8000,
      "branch": 2,
      "status": "Available"
    }
  },
  {
    "model": "pet_adoption_and_care.availablepet",
    "pk": 670,
    "fields": {
      "species": "Rabbit",
      "breed": "Mini Lop",
      "price": 7500,
      "branch": 2,
      "status": "Available"
    }
  },
  {
    "model": "pet_adoption_and_care.availablepet",
    "pk": 671,
    "fields": {
      "species": "Bird",
      "breed": "Parakeet",
      "price": 3000,
      "branch": 2,
      "status": "Available"
    }
  },
  {
    "model": "pet_adoption_and_care.availablepet",
    "pk": 672,
    "fields": {
      "species": "Bird",
      "breed": "Cockatiel",
      "price": 5000,
      "branch": 2,
      "status": "Available"
    }
  },
  {
    "model": "pet_adoption_and_care.availablepet",
    "pk": 673,
    "fields": {
      "species": "Fish",
      "breed": "Betta",
      "price": 1500,
      "branch": 2,
      "status": "Available"
    }
  },
  {
    "model": "pet_adoption_and_care.availablepet",
    "pk": 674,
    "fields": {
      "species": "Fish",
      "breed": "Angelfish",
      "price": 2000,
      "branch": 2,
      "status": "Available"
    }
  },
  {
    "model": "pet_adoption_and_care.availablepet",
    "pk": 675,
    "fields": {
      "species": "Hamster",
      "breed": "Syrian",
      "price": 2000,
      "branch": 2,
      "status": "Available"
    }
  },
  {
    "model": "pet_adoption_and_care.availablepet",
    "pk": 676,
    "fields": {
      "species": "Hamster",
      "breed": "Dwarf",
      "price": 1500,
      "branch": 2,
      "status": "Available"
    }
  },
  {
    "model": "pet_adoption_and_care.availablepet",
    "pk": 677,
    "fields": {
      "species": "Turtle",
      "breed": "Red-Eared Slider",
      "price": 4000,
      "branch": 2,
      "status": "Available"
    }
  },
  {
    "model": "pet_adoption_and_care.availablepet",
    "pk": 678,
    "fields": {
      "species": "Snake",
      "breed": "Corn Snake",
      "price": 3000,
      "branch": 2,
      "status": "Available"
    }
  },
  {
    "model": "pet_adoption_and_care.availablepet",
    "pk": 679,
    "fields": {
      "species": "Dog",
      "breed": "Dachshund",
      "price": 14000,
      "branch": 2,
      "status": "Available"
    }
  },
  {
    "model": "pet_adoption_and_care.availablepet",
    "pk": 681,
    "fields": {
      "species": "Dog",
      "breed": "Golden Retriever",
      "price": 20000,
      "branch": 3,
      "status": "Available"
    }
  },
  {
    "model": "pet_adoption_and_care.availablepet",
    "pk": 682,
    "fields": {
      "species": "Dog",
      "breed": "Poodle",
      "price": 22000,
      "branch": 3,
      "status": "Available"
    }
  },
  {
    "model": "pet_adoption_and_care.availablepet",
    "pk": 683,
    "fields": {
      "species": "Dog",
      "breed": "Beagle",
      "price": 12000,
      "branch": 3,
      "status": "Available"
    }
  },
  {
    "model": "pet_adoption_and_care.availablepet",
    "pk": 684,
    "fields": {
      "species": "Dog",
      "breed": "Bulldog",
      "price": 18000,
      "branch": 3,
      "status": "Available"
    }
  },
  {
    "model": "pet_adoption_and_care.availablepet",
    "pk": 685,
    "fields": {
      "species": "Cat",
      "breed": "Persian",
      "price": 12000,
      "branch": 3,
      "status": "Available"
    }
  },
  {
    "model": "pet_adoption_and_care.availablepet",
    "pk": 686,
    "fields": {
      "species": "Cat",
      "breed": "Ragdoll",
      "price": 18000,
      "branch": 3,
      "status": "Available"
    }
  },
  {
    "model": "pet_adoption_and_care.availablepet",
    "pk": 687,
    "fields": {
      "species": "Cat",
      "breed": "Bengal",
      "price": 15000,
      "branch": 3,
      "status": "Available"
    }
  },
  {
    "model": "pet_adoption_and_care.availablepet",
    "pk": 688,
    "fields": {
      "species": "Cat",
      "breed": "Siberian",
      "price": 11000,
      "branch": 3,
      "status": "Available"
    }
  },
  {
    "model": "pet_adoption_and_care.availablepet",
    "pk": 689,
    "fields": {
      "species": "Rabbit",
      "breed": "Netherland Dwarf",
      "price": 6000,
      "branch": 3,
      "status": "Available"
    }
  },
  {
    "model": "pet_adoption_and_care.availablepet",
    "pk": 690,
    "fields": {
      "species": "Rabbit",
      "breed": "Mini Rex",
      "price": 7500,
      "branch": 3,
      "status": "Available"
    }
  },
  {
    "model": "pet_adoption_and_care.availablepet",
    "pk": 691,
    "fields": {
      "species": "Bird",
      "breed": "Canary",
      "price": 3500,
      "branch": 3,
      "status": "Available"
    }
  },
  {
    "model": "pet_adoption_and_care.availablepet",
    "pk": 692,
    "fields": {
      "species": "Bird",
      "breed": "Finch",
      "price": 2500,
      "branch": 3,
      "status": "Available"
    }
  },
  {
    "model": "pet_adoption_and_care.availablepet",
    "pk": 693,
    "fields": {
      "species": "Fish",
      "breed": "Goldfish",
      "price": 800,
      "branch": 3,
      "status": "Available"
    }
  },
  {
    "model": "pet_adoption_and_care.availablepet",
    "pk": 694,
    "fields": {
      "species": "Fish",
      "breed": "Guppy",
      "price": 500,
      "branch": 3,
      "status": "Available"
    }
  },
  {
    "model": "pet_adoption_and_care.availablepet",
    "pk": 695,
    "fields": {
      "species": "Hamster",
      "breed": "Syrian",
      "price": 2000,
      "branch": 3,
      "status": "Adopted"
    }
  },
  {
    "model": "pet_adoption_and_care.availablepet",
    "pk": 696,
    "fields": {
      "species": "Hamster",
      "breed": "Chinese",
      "price": 1600,
      "branch": 3,
      "status": "Available"
    }
  },
  {
    "model": "pet_adoption_and_care.availablepet",
    "pk": 697,
    "fields": {
      "species": "Turtle",
      "breed": "Box Turtle",
      "price": 4500,
      "branch": 3,
      "status": "Adopted"
    }
  },
  {
    "model": "pet_adoption_and_care.availablepet",
    "pk": 698,
    "fields": {
      "species": "Snake",
      "breed": "Ball Python",
      "price": 5000,
      "branch": 3,
      "status": "Available"
    }
  },
  {
    "model": "pet_adoption_and_care.availablepet",
    "pk": 699,
    "fields": {
      "species": "Dog",
      "breed": "Cocker Spaniel",
      "price": 17000,
      "branch": 3,
      "status": "Available"
    }
  },
  {
    "model": "pet_adoption_and_care.availablepet",
    "pk": 701,
    "fields": {
      "species": "Dog",
      "breed": "German Shepherd",
      "price": 25000,
      "branch": 4,
      "status": "Available"
    }
  },
  {
    "model": "pet_adoption_and_care.availablepet",
    "pk": 702,
    "fields": {
      "species": "Dog",
      "breed": "Dalmatian",
      "price": 18000,
      "branch": 4,
      "status": "Available"
    }
  },
  {
    "model": "pet_adoption_and_care.availablepet",
    "pk": 703,
    "fields": {
      "species": "Dog",
      "breed": "Golden Retriever",
      "price": 20000,
      "branch": 4,
      "status": "Available"
    }
  },
  {
    "model": "pet_adoption_and_care.availablepet",
    "pk": 704,
    "fields": {
      "species": "Dog",
      "breed": "Shih Tzu",
      "price": 16000,
      "branch": 4,
      "status": "Available"
    }
  },
  {
    "model": "pet_adoption_and_care.availablepet",
    "pk": 705,
    "fields": {
      "species": "Cat",
      "breed": "Siamese",
      "price": 10000,
      "branch": 4,
      "status": "Available"
    }
  },
  {
    "model": "pet_adoption_and_care.availablepet",
    "pk": 706,
    "fields": {
      "species": "Cat",
      "breed": "Abyssinian",
      "price": 13000,
      "branch": 4,
      "status": "Available"
    }
  },
  {
    "model": "pet_adoption_and_care.availablepet",
    "pk": 707,
    "fields": {
      "species": "Cat",
      "breed": "Maine Coon",
      "price": 15000,
      "branch": 4,
      "status": "Available"
    }
  },
  {
    "model": "pet_adoption_and_care.availablepet",
    "pk": 708,
    "fields": {
      "species": "Cat",
      "breed": "Himalayan",
      "price": 11000,
      "branch": 4,
      "status": "Available"
    }
  },
  {
    "model": "pet_adoption_and_care.availablepet",
    "pk": 709,
    "fields": {
      "species": "Rabbit",
      "breed": "Flemish Giant",
      "price": 10000,
      "branch": 4,
      "status": "Adopted"
    }
  },
  {
    "model": "pet_adoption_and_care.availablepet",
    "pk": 710,
    "fields": {
      "species": "Rabbit",
      "breed": "Angora",
      "price": 9000,
      "branch": 4,
      "status": "Available"
    }
  },
  {
    "model": "pet_adoption_and_care.availablepet",
    "pk": 711,
    "fields": {
      "species": "Bird",
      "breed": "Lovebird",
      "price": 4000,
      "branch": 4,
      "status": "Available"
    }
  },
  {
    "model": "pet_adoption_and_care.availablepet",
    "pk": 712,
    "fields": {
      "species": "Bird",
      "breed": "Budgerigar",
      "price": 3500,
      "branch": 4,
      "status": "Available"
    }
  },
  {
    "model": "pet_adoption_and_care.availablepet",
    "pk": 713,
    "fields": {
      "species": "Fish",
      "breed": "Oscar",
      "price": 2000,
      "branch": 4,
      "status": "Available"
    }
  },
  {
    "model": "pet_adoption_and_care.availablepet",
    "pk": 714,
    "fields": {
      "species": "Fish",
      "breed": "Molly",
      "price": 700,
      "branch": 4,
      "status": "Available"
    }
  },
  {
    "model": "pet_adoption_and_care.availablepet",
    "pk": 715,
    "fields": {
      "species": "Hamster",
      "breed": "Winter White",
      "price": 1500,
      "branch": 4,
      "status": "Available"
    }
  },
  {
    "model": "pet_adoption_and_care.availablepet",
    "pk": 716,
    "fields": {
      "species": "Hamster",
      "breed": "Dwarf",
      "price": 1500,
      "branch": 4,
      "status": "Available"
    }
  },
  {
    "model": "pet_adoption_and_care.availablepet",
    "pk": 717,
    "fields": {
      "species": "Turtle",
      "breed": "Painted Turtle",
      "price": 4800,
      "branch": 4,
      "status": "Available"
    }
  },
  {
    "model": "pet_adoption_and_care.availablepet",
    "pk": 718,
    "fields": {
      "species": "Snake",
      "breed": "Milk Snake",
      "price": 3500,
      "branch": 4,
      "status": "Available"
    }
  },
  {
    "model": "pet_adoption_and_care.availablepet",
    "pk": 719,
    "fields": {
      "species": "Dog",
      "breed": "Pug",
      "price": 13000,
      "branch": 4,
      "status": "Available"
    }
  },
  {
    "model": "pet_adoption_and_care.availablepet",
    "pk": 721,
    "fields": {
      "species": "Dog",
      "breed": "Rottweiler",
      "price": 24000,
      "branch": 5,
      "status": "Available"
    }
  },
  {
    "model": "pet_adoption_and_care.availablepet",
    "pk": 722,
    "fields": {
      "species": "Dog",
      "breed": "Akita",
      "price": 23000,
      "branch": 5,
      "status": "Available"
    }
  },
  {
    "model": "pet_adoption_and_care.availablepet",
    "pk": 723,
    "fields": {
      "species": "Dog",
      "breed": "Bulldog",
      "price": 18000,
      "branch": 5,
      "status": "Available"
    }
  },
  {
    "model": "pet_adoption_and_care.availablepet",
    "pk": 724,
    "fields": {
      "species": "Dog",
      "breed": "Labrador",
      "price": 15000,
      "branch": 5,
      "status": "Available"
    }
  },
  {
    "model": "pet_adoption_and_care.availablepet",
    "pk": 725,
    "fields": {
      "species": "Cat",
      "breed": "Sphynx",
      "price": 17000,
      "branch": 5,
      "status": "Available"
    }
  },
  {
    "model": "pet_adoption_and_care.availablepet",
    "pk": 727,
    "fields": {
      "species": "Cat",
      "breed": "Ragdoll",
      "price": 18000,
      "branch": 5,
      "status": "Available"
    }
  },
  {
    "model": "pet_adoption_and_care.availablepet",
    "pk": 728,
    "fields": {
      "species": "Cat",
      "breed": "Oriental",
      "price": 11500,
      "branch": 5,
      "status": "Available"
    }
  },
  {
    "model": "pet_adoption_and_care.availablepet",
    "pk": 729,
    "fields": {
      "species": "Rabbit",
      "breed": "Lionhead",
      "price": 9500,
      "branch": 5,
      "status": "Available"
    }
  },
  {
    "model": "pet_adoption_and_care.availablepet",
    "pk": 730,
    "fields": {
      "species": "Rabbit",
      "breed": "Dutch",
      "price": 7000,
      "branch": 5,
      "status": "Available"
    }
  },
  {
    "model": "pet_adoption_and_care.availablepet",
    "pk": 731,
    "fields": {
      "species": "Bird",
      "breed": "Peach-faced Lovebird",
      "price": 4500,
      "branch": 5,
      "status": "Available"
    }
  },
  {
    "model": "pet_adoption_and_care.availablepet",
    "pk": 732,
    "fields": {
      "species": "Bird",
      "breed": "Rosella",
      "price": 5500,
      "branch": 5,
      "status": "Available"
    }
  },
  {
    "model": "pet_adoption_and_care.availablepet",
    "pk": 733,
    "fields": {
      "species": "Fish",
      "breed": "Discus",
      "price": 3000,
      "branch": 5,
      "status": "Available"
    }
  },
  {
    "model": "pet_adoption_and_care.availablepet",
    "pk": 734,
    "fields": {
      "species": "Fish",
      "breed": "Koi",
      "price": 2500,
      "branch": 5,
      "status": "Available"
    }
  },
  {
    "model": "pet_adoption_and_care.availablepet",
    "pk": 735,
    "fields": {
      "species": "Hamster",
      "breed": "Golden",
      "price": 1900,
      "branch": 5,
      "status": "Available"
    }
  },
  {
    "model": "pet_adoption_and_care.availablepet",
    "pk": 736,
    "fields": {
      "species": "Hamster",
      "breed": "Teddy Bear",
      "price": 2000,
      "branch": 5,
      "status": "Available"
    }
  },
  {
    "model": "pet_adoption_and_care.availablepet",
    "pk": 737,
    "fields": {
      "species": "Turtle",
      "breed": "Indian Star Tortoise",
      "price": 5000,
      "branch": 5,
      "status": "Available"
    }
  },
  {
    "model": "pet_adoption_and_care.availablepet",
    "pk": 738,
    "fields": {
      "species": "Snake",
      "breed": "King Snake",
      "price": 3200,
      "branch": 5,
      "status": "Available"
    }
  },
  {
    "model": "pet_adoption_and_care.availablepet",
    "pk": 739,
    "fields": {
      "species": "Dog",
      "breed": "Samoyed",
      "price": 27000,
      "branch": 5,
      "status": "Available"
    }
  },
  {
    "model": "pet_adoption_and_care.availablepet",
    "pk": 741,
    "fields": {
      "species": "Turtle",
      "breed": "Russian Tortoise",
      "price": 4500,
      "branch": 1,
      "status": "Available"
    }
  },
  {
    "model": "pet_adoption_and_care.availablepet",
    "pk": 742,
    "fields": {
      "species": "Dog",
      "breed": "Labrador",
      "price": 15000,
      "branch": 1,
      "status": "Available"
    }
  },
  {
    "model": "pet_adoption_and_care.adoptionrequest",
    "pk": 13,
    "fields": {
      "owner": 3,
      "pet": 2,
      "request_date": "2024-11-04",
      "reqstatus": "Approved",
      "notification": false
    }
  },
  {
    "model": "pet_adoption_and_care.adoptionrequest",
    "pk": 14,
    "fields": {
      "owner": 3,
      "pet": 4,
      "request_date": "2024-11-04",
      "reqstatus": "Approved",
      "notification": false
    }
  },
  {
    "model": "pet_adoption_and_care.adoptionrequest",
    "pk": 15,
    "fields": {
      "owner": 3,
      "pet": 13,
      "request_date": "2024-11-04",
      "reqstatus": "Approved",
      "notification": false
    }
  },
  {
    "model": "pet_adoption_and_care.adoptionrequest",
    "pk": 16,
    "fields": {
      "owner": 3,
      "pet": 11,
      "request_date": "2024-11-04",
      "reqstatus": "Approved",
      "notification": false
    }
  },
  {
    "model": "pet_adoption_and_care.adoptionrequest",
    "pk": 17,
    "fields": {
      "owner": 3,
      "pet": 3,
      "request_date": "2024-11-07",
      "reqstatus": "Approved",
      "notification": false
    }
  },
  {
    "model": "pet_adoption_and_care.adoptionrequest",
    "pk": 18,
    "fields": {
      "owner": 5,
      "pet": 697,
      "request_date": "2024-11-28",
      "reqstatus": "Approved",
      "notification": false
    }
  },
  {
    "model": "pet_adoption_and_care.adoptionrequest",
    "pk": 19,
    "fields": {
      "owner": 6,
      "pet": 695,
      "request_date": "2024-12-02",
      "reqstatus": "Approved",
      "notification": false
    }
  },
  {
    "model": "pet_adoption_and_care.adoptionrequest",
    "pk": 20,
    "fields": {
      "owner": 7,
      "pet": 709,
      "request_date": "2024-12-06",
      "reqstatus": "Approved",
      "notification": false
    }
  },
  {
    "model": "pet_adoption_and_care.petsupply",
    "pk": 1,
    "fields": {
      "supply_type": "food",
      "product_name": "Dog Food - Premium Blend",
      "quantity": 100,
      "unit_price": "2499.17",
      "supplier_info": null
    }
  },
  {
    "model": "pet_adoption_and_care.petsupply",
    "pk": 2,
    "fields": {
      "supply_type": "food",
      "product_name": "Cat Food - Ocean Fish Recipe",
      "quantity": 100,
      "unit_price": "2074.17",
      "supplier_info": null
    }
  },
  {
    "model": "pet_adoption_and_care.petsupply",
    "pk": 3,
    "fields": {
      "supply_type": "food",
      "product_name": "Bird Seed Mix",
      "quantity": 100,
      "unit_price": "1329.17",
      "supplier_info": null
    }
  },
  {
    "model": "pet_adoption_and_care.petsupply",
    "pk": 4,
    "fields": {
      "supply_type": "food",
      "product_name": "Hamster Pellets",
      "quantity": 100,
      "unit_price": "1074.17",
      "supplier_info": null
    }
  },
  {
    "model": "pet_adoption_and_care.petsupply",
    "pk": 5,
    "fields": {
      "supply_type": "food",
      "product_name": "Turtle Food Sticks",
      "quantity": 100,
      "unit_price": "748.17",
      "supplier_info": null
    }
  },
  {
    "model": "pet_adoption_and_care.petsupply",
    "pk": 6,
    "fields": {
      "supply_type": "food",
      "product_name": "Fish Flakes",
      "quantity": 100,
      "unit_price": "580.17",
      "supplier_info": null
    }
  },
  {
    "model": "pet_adoption_and_care.petsupply",
    "pk": 7,
    "fields": {
      "supply_type": "food",
      "product_name": "Rabbit Pellets",
      "quantity": 100,
      "unit_price": "915.17",
      "supplier_info": null
    }
  },
  {
    "model": "pet_adoption_and_care.petsupply",
    "pk": 8,
    "fields": {
      "supply_type": "grooming",
      "product_name": "Dog Shampoo - Oatmeal",
      "quantity": 100,
      "unit_price": "1074.17",
      "supplier_info": null
    }
  },
  {
    "model": "pet_adoption_and_care.petsupply",
    "pk": 9,
    "fields": {
      "supply_type": "grooming",
      "product_name": "Cat Brush",
      "quantity": 100,
      "unit_price": "748.17",
      "supplier_info": null
    }
  },
  {
    "model": "pet_adoption_and_care.petsupply",
    "pk": 10,
    "fields": {
      "supply_type": "grooming",
      "product_name": "Bird Bath Spray",
      "quantity": 100,
      "unit_price": "664.17",
      "supplier_info": null
    }
  },
  {
    "model": "pet_adoption_and_care.petsupply",
    "pk": 11,
    "fields": {
      "supply_type": "grooming",
      "product_name": "Hamster Cage Cleaning Spray",
      "quantity": 100,
      "unit_price": "499.17",
      "supplier_info": null
    }
  },
  {
    "model": "pet_adoption_and_care.petsupply",
    "pk": 12,
    "fields": {
      "supply_type": "grooming",
      "product_name": "Flea Treatment for Cats",
      "quantity": 100,
      "unit_price": "1249.17",
      "supplier_info": null
    }
  },
  {
    "model": "pet_adoption_and_care.petsupply",
    "pk": 13,
    "fields": {
      "supply_type": "grooming",
      "product_name": "Rabbit Grooming Kit",
      "quantity": 100,
      "unit_price": "1664.17",
      "supplier_info": null
    }
  },
  {
    "model": "pet_adoption_and_care.petsupply",
    "pk": 14,
    "fields": {
      "supply_type": "toys",
      "product_name": "Dog Chew Toy",
      "quantity": 100,
      "unit_price": "829.17",
      "supplier_info": null
    }
  },
  {
    "model": "pet_adoption_and_care.petsupply",
    "pk": 15,
    "fields": {
      "supply_type": "toys",
      "product_name": "Catnip Mouse Toy",
      "quantity": 100,
      "unit_price": "499.17",
      "supplier_info": null
    }
  },
  {
    "model": "pet_adoption_and_care.petsupply",
    "pk": 16,
    "fields": {
      "supply_type": "toys",
      "product_name": "Parrot Swing",
      "quantity": 100,
      "unit_price": "999.17",
      "supplier_info": null
    }
  },
  {
    "model": "pet_adoption_and_care.petsupply",
    "pk": 17,
    "fields": {
      "supply_type": "toys",
      "product_name": "Hamster Exercise Wheel",
      "quantity": 100,
      "unit_price": "1249.17",
      "supplier_info": null
    }
  },
  {
    "model": "pet_adoption_and_care.petsupply",
    "pk": 18,
    "fields": {
      "supply_type": "toys",
      "product_name": "Snake Climbing Branch",
      "quantity": 100,
      "unit_price": "1324.17",
      "supplier_info": null
    }
  },
  {
    "model": "pet_adoption_and_care.petsupply",
    "pk": 19,
    "fields": {
      "supply_type": "toys",
      "product_name": "Turtle Floating Island",
      "quantity": 100,
      "unit_price": "1664.17",
      "supplier_info": null
    }
  },
  {
    "model": "pet_adoption_and_care.petsupply",
    "pk": 20,
    "fields": {
      "supply_type": "healthcare",
      "product_name": "Flea and Tick Prevention - Dogs",
      "quantity": 100,
      "unit_price": "2499.17",
      "supplier_info": null
    }
  },
  {
    "model": "pet_adoption_and_care.petsupply",
    "pk": 21,
    "fields": {
      "supply_type": "healthcare",
      "product_name": "Flea and Tick Prevention - Cats",
      "quantity": 100,
      "unit_price": "2074.17",
      "supplier_info": null
    }
  },
  {
    "model": "pet_adoption_and_care.petsupply",
    "pk": 22,
    "fields": {
      "supply_type": "healthcare",
      "product_name": "Vitamin Supplements for Birds",
      "quantity": 100,
      "unit_price": "1664.17",
      "supplier_info": null
    }
  },
  {
    "model": "pet_adoption_and_care.petsupply",
    "pk": 23,
    "fields": {
      "supply_type": "healthcare",
      "product_name": "Worming Tablets for Hamsters",
      "quantity": 100,
      "unit_price": "829.17",
      "supplier_info": null
    }
  },
  {
    "model": "pet_adoption_and_care.petsupply",
    "pk": 24,
    "fields": {
      "supply_type": "healthcare",
      "product_name": "Calcium Supplement for Turtles",
      "quantity": 100,
      "unit_price": "999.17",
      "supplier_info": null
    }
  },
  {
    "model": "pet_adoption_and_care.petsupply",
    "pk": 25,
    "fields": {
      "supply_type": "healthcare",
      "product_name": "Aquarium Water Conditioner",
      "quantity": 100,
      "unit_price": "664.17",
      "supplier_info": null
    }
  },
  {
    "model": "pet_adoption_and_care.petsupply",
    "pk": 26,
    "fields": {
      "supply_type": "accessories",
      "product_name": "Dog Collar and Leash Set",
      "quantity": 100,
      "unit_price": "1664.17",
      "supplier_info": null
    }
  },
  {
    "model": "pet_adoption_and_care.petsupply",
    "pk": 27,
    "fields": {
      "supply_type": "accessories",
      "product_name": "Cat Carrier",
      "quantity": 100,
      "unit_price": "2499.17",
      "supplier_info": null
    }
  },
  {
    "model": "pet_adoption_and_care.petsupply",
    "pk": 28,
    "fields": {
      "supply_type": "accessories",
      "product_name": "Bird Cage",
      "quantity": 100,
      "unit_price": "4999.17",
      "supplier_info": null
    }
  },
  {
    "model": "pet_adoption_and_care.petsupply",
    "pk": 29,
    "fields": {
      "supply_type": "accessories",
      "product_name": "Hamster Ball",
      "quantity": 100,
      "unit_price": "664.17",
      "supplier_info": null
    }
  },
  {
    "model": "pet_adoption_and_care.petsupply",
    "pk": 30,
    "fields": {
      "supply_type": "accessories",
      "product_name": "Reptile Terrarium",
      "quantity": 100,
      "unit_price": "4999.17",
      "supplier_info": null
    }
  },
  {
    "model": "pet_adoption_and_care.petsupply",
    "pk": 31,
    "fields": {
      "supply_type": "accessories",
      "product_name": "Fish Tank Filter",
      "quantity": 100,
      "unit_price": "1664.17",
      "supplier_info": null
    }
  }
]